ID,First_Name,Last_Name,Contact,Salary,Billable
1,Caryn,Preston,+912646406777,23342,Yes
2,Colton,Roy,+911412183636,17865,Yes
3,Meghan,Norman,+911285042495,17630,Yes
4,Tatiana,Tucker,+913473444443,23651,No
5,Marshall,Patrick,+918161866273,26928,Yes
6,Knox,Wolfe,+919683158742,12715,No
7,Steven,Jordan,+919879433742,16059,No
8,Cyrus,Logan,+919886454175,21434,No
9,Yael,Rhodes,+911225120596,17115,Yes
10,Baker,Joyner,+914420272296,18909,Yes
11,Coby,Adams,+913332686811,17668,Yes
12,Brittany,Irwin,+911118576794,19007,Yes
13,Phyllis,Sharpe,+918381653631,21976,No
14,Phyllis,Crawford,+918418478853,21805,Yes
15,Tamekah,Olsen,+912675016405,19787,Yes
16,Benedict,Valentine,+911148442429,22464,Yes
17,Alec,Wilkinson,+912323453714,12878,No
18,Akeem,Jarvis,+917295786818,23516,No
19,Ciaran,Ruiz,+911426207539,19577,No
20,Burton,Curtis,+914226211158,20965,No
21,Brynn,Frye,+916126817455,26006,Yes
22,Hilary,Gilmore,+915680377371,21665,Yes
23,Rebekah,Duke,+912778143675,15253,No
24,Camille,Payne,+917574670558,26216,Yes
25,Samson,Hartman,+915157604208,22187,No
26,Thomas,Mcdaniel,+919575375383,25743,No
27,Demetria,Dejesus,+918436749731,24709,No
28,Kevin,Alvarez,+918832605476,20812,No
29,Nora,Massey,+915266618788,21156,Yes
30,Oren,Miles,+913367814475,22443,No
31,Ursa,Mendoza,+911102038755,20060,Yes
32,Quail,Mckenzie,+919787628274,23773,No
33,Sasha,Hendrix,+914380452267,18787,Yes
34,Janna,Chavez,+918133867639,16426,No
35,Caryn,Elliott,+910128013729,19063,No
36,Ria,Kirkland,+919434896516,22542,Yes
37,Marvin,English,+916216184394,19689,Yes
38,Barbara,Galloway,+918239304529,22071,Yes
39,Frances,Davis,+914888633733,22297,No
40,Imogene,Lopez,+916596963552,18878,Yes
41,Mason,Kemp,+914364854236,23235,Yes
42,Alana,Strickland,+910863366480,15183,Yes
43,Glenna,Calderon,+917845870432,18055,No
44,Quail,Mitchell,+914536066117,19332,No
45,Yetta,Sweet,+915650714822,21114,Yes
46,Liberty,Wilkerson,+917434512382,21725,No
47,Noelle,Wilkerson,+917115276225,27476,No
48,Ivana,Bush,+910848879327,18683,No
49,Graham,Duran,+914016637522,22652,Yes
50,Quinn,Stevens,+914316242686,15362,No
51,Wylie,Rowe,+912816127730,19571,Yes
52,Pearl,Stein,+911749244121,21545,Yes
53,Vance,Roth,+911896824742,21058,Yes
54,Nomlanga,Baxter,+914839674506,16365,No
55,Ivory,Reynolds,+913551246016,25223,No
56,Chaim,Bowen,+913264711151,20197,No
57,Daryl,Reynolds,+911257333716,16557,Yes
58,Evangeline,Diaz,+914860816833,23020,No
59,Adena,Mason,+911618857736,18550,No
60,Fulton,Blackwell,+911185478893,11676,No
61,Quin,Franklin,+915697419158,22347,Yes
62,Tobias,Oneal,+911671067626,24167,No
63,Kaye,Shields,+911736077018,20271,Yes
64,Tanner,Carney,+912561056638,17523,No
65,Karly,Austin,+919643387224,20976,No
66,Shannon,Rodgers,+916558476981,21770,Yes
67,Iris,Tyler,+914428766689,21457,No
68,Price,Floyd,+917118251382,19444,Yes
69,Dolan,Farmer,+915108695827,21445,Yes
70,Briar,Kirkland,+916638214618,25069,No
71,Jillian,Mullins,+914634889556,20109,Yes
72,Wylie,Valentine,+914669423180,15453,No
73,Kirby,Mcleod,+915789067628,19133,Yes
74,Jennifer,Pruitt,+919933366461,26848,No
75,Eugenia,Adkins,+918606329601,20037,Yes
76,Avram,Thornton,+912134489171,15945,Yes
77,Madison,Gregory,+911132767246,24254,No
78,Nyssa,Price,+912088685732,20646,Yes
79,Cairo,Gill,+912113443824,16532,No
80,Melanie,Short,+916115854286,19925,No
81,Hyacinth,Booker,+916686318610,20292,Yes
82,Ariana,Watkins,+912523269486,20132,No
83,Mona,Spears,+912354213247,17915,Yes
84,Bryar,Clarke,+917760208247,23467,No
85,Sophia,Gaines,+912249316892,15755,No
86,Nigel,Mullen,+915584741358,17609,Yes
87,Xena,Tillman,+916157748758,20172,Yes
88,Gavin,Valencia,+912562712313,22047,Yes
89,Calista,Graham,+912976210511,19666,Yes
90,Emi,Fernandez,+912488714516,20548,No
91,Fatima,Morrison,+911652941429,18783,No
92,Mia,Peters,+912168169710,18319,Yes
93,Hedy,Vance,+914712111148,24436,No
94,Robin,Witt,+912168762463,21398,No
95,Michael,Poole,+919394327746,12462,Yes
96,Stone,Pate,+918128559886,21788,No
97,Lacey,Mckee,+913651528410,22341,No
98,Hector,Gilliam,+918813473688,19738,Yes
99,Shannon,Stevens,+915984757685,20684,No
100,Lacota,Wilder,+912628738821,16098,No
101,Carl,Curtis,+915358481919,15873,No
102,Justin,Gomez,+914825600457,19225,Yes
103,Maite,Pruitt,+915211384307,23752,Yes
104,Addison,Walton,+915655540649,24217,Yes
105,Nomlanga,Davis,+912212042758,20399,No
106,Regina,Rasmussen,+918544880412,24882,No
107,Shea,Foster,+913562512361,15849,No
108,Nola,Farmer,+919129220007,18380,No
109,Iona,Henry,+918551165532,20853,No
110,Reuben,Cortez,+917121457922,21510,No
111,Stephen,Daniel,+912350386533,22266,No
112,Felix,Mclean,+917742506797,21014,No
113,Allistair,Murphy,+912934157205,18601,Yes
114,Mona,Merritt,+912106391913,27808,Yes
115,Allegra,Little,+915218082414,23778,No
116,Bert,Lester,+918707639489,19352,Yes
117,Macaulay,Arnold,+916463865068,25116,Yes
118,Keaton,Boyd,+912833752281,19280,Yes
119,Jordan,Holden,+912108346520,22895,Yes
120,Carl,Clemons,+916157172386,18970,Yes
121,Claire,Washington,+917101415844,20858,Yes
122,Garth,Mccormick,+912512136753,27836,No
123,Quail,Mcknight,+915588502306,14873,Yes
124,Helen,Rosario,+919787354881,16860,No
125,Vance,Marks,+916134453485,16103,No
126,Stewart,Stone,+912447263528,14011,No
127,Hilda,Stone,+918436346253,23977,No
128,Renee,Hahn,+915654774741,20554,No
129,Lydia,Andrews,+917452201483,11781,Yes
130,Justine,Gentry,+911824815258,20781,No
131,Geraldine,Howe,+915864537835,18880,No
132,Maryam,Mcpherson,+912548716009,24368,Yes
133,Audrey,Sharpe,+915654928614,22282,No
134,Moana,Rojas,+915239334056,21397,Yes
135,Hadassah,Battle,+916534972323,16968,No
136,Moana,Parrish,+917885412145,19268,No
137,Tad,Anthony,+913633538637,22915,No
138,Kitra,Bryant,+916125885282,15621,No
139,Tatiana,Walter,+917690345371,27896,Yes
140,Kaseem,Garza,+914539589727,18606,No
141,Kennan,Rosa,+916323327265,18655,No
142,Kessie,Ferguson,+915890653138,15576,No
143,Drew,Powers,+911587683051,13880,No
144,Alexandra,Guy,+912415870354,16831,Yes
145,Jana,Weaver,+912142735442,17392,No
146,Jada,Walter,+915755617631,15523,Yes
147,Elliott,Rutledge,+914239817577,27921,No
148,Whilemina,Harding,+913250345554,16230,No
149,Vanna,Nunez,+914774645265,16173,Yes
150,Evan,Monroe,+918112311926,14918,No
151,Ora,Lane,+913262352304,11657,Yes
152,Patience,Mcdaniel,+913843663780,17905,No
153,Cain,Moon,+913780381078,18853,Yes
154,Burke,Blair,+911444678466,15022,Yes
155,Aline,Parker,+919652468398,21249,Yes
156,Guy,Henderson,+912843178624,19384,Yes
157,Nerea,Sims,+911164384101,11699,No
158,Orson,Barron,+913041438347,21387,Yes
159,Hayden,Dean,+916949097071,22957,No
160,Venus,Copeland,+918258514390,22731,Yes
161,Quemby,Macdonald,+911631414840,18087,Yes
162,Hiroko,Schneider,+913325960523,19207,No
163,Halee,Kirk,+912817384740,16876,Yes
164,Lester,Reynolds,+919824850032,20895,No
165,Dustin,Mckinney,+914360247991,17923,Yes
166,Berk,Bond,+911821327363,17334,No
167,Ursa,Kirkland,+915274197172,22778,No
168,Cedric,Ryan,+917575861613,24630,Yes
169,Peter,Adams,+914402113661,25688,Yes
170,Medge,Charles,+913002854869,12338,No
171,Kerry,Cunningham,+912195781223,18291,Yes
172,Patrick,Carey,+911106684174,19836,No
173,Susan,Holloway,+913752796812,18050,Yes
174,Cora,Reeves,+915731143366,18832,Yes
175,Camilla,Hunt,+918546234278,21474,Yes
176,September,Dalton,+911717871773,23924,No
177,Duncan,Case,+918032448534,19552,Yes
178,Harrison,Buckley,+912236699063,17622,Yes
179,Carl,Ford,+914105706712,19453,No
180,Steel,Greer,+913689138143,20877,No
181,Britanney,Kent,+914516736771,16836,No
182,Quinn,Langley,+911987676547,12975,No
183,Dieter,Lucas,+913379542813,18490,No
184,Jorden,Stein,+912708889601,15351,Yes
185,Marah,Wong,+911401074442,21095,Yes
186,Benedict,Robbins,+917272982079,17723,No
187,Geoffrey,Morse,+916241488151,19835,No
188,Jessamine,Lambert,+911917183531,21583,No
189,Jocelyn,Higgins,+914756160374,17582,Yes
190,Chancellor,Rosario,+919844869748,23924,No
191,Justine,Dominguez,+917783883066,20642,Yes
192,Micah,Singleton,+910563200329,22979,No
193,Melodie,Suarez,+917880619115,19444,No
194,Harper,Fuller,+912059338868,23636,Yes
195,Finn,Burnett,+914441553827,18966,Yes
196,Steven,Parrish,+912283288331,25182,Yes
197,Miriam,Delaney,+913744791233,11598,No
198,Jacqueline,Caldwell,+919604976576,27121,Yes
199,Patricia,Giles,+913887317386,17466,Yes
200,Aladdin,Cox,+918692802168,16796,No
201,Duncan,Watson,+917894661961,16308,No
202,Melvin,Peters,+915392032744,20990,Yes
203,Sophia,Summers,+915141829397,10630,No
204,Madeson,Hull,+915358286137,13668,No
205,Alika,Meadows,+912985030823,20368,No
206,Richard,Shaw,+912358544184,22502,Yes
207,Martha,Britt,+912582611944,18810,Yes
208,Jakeem,Case,+919690710785,18265,No
209,Astra,Thompson,+916687774977,23938,No
210,Uma,Reid,+917794187889,13822,Yes
211,Steel,Montgomery,+919566124719,25241,Yes
212,Aurelia,Morton,+914433594788,20006,Yes
213,Shelley,Shepard,+910847143556,24663,Yes
214,Juliet,Serrano,+912283747138,21863,No
215,Kyle,Russo,+917434315222,21421,No
216,Darrel,Acosta,+911153769848,19902,Yes
217,Emily,Gonzalez,+911359225168,15649,Yes
218,Paloma,Kent,+917793559619,21241,Yes
219,Grace,Dodson,+918149939264,19126,Yes
220,Kyla,Mayo,+913318894288,23284,Yes
221,Idola,Navarro,+919985701146,20131,Yes
222,Cally,Mitchell,+911258521261,16198,Yes
223,Barclay,Mitchell,+916387075439,17086,No
224,Christian,Ball,+912306476393,19373,Yes
225,Daria,Flowers,+911372993320,19850,No
226,Octavia,Ray,+914838499038,20695,Yes
227,Magee,Floyd,+916422778976,15204,Yes
228,Dexter,Nichols,+917064892367,23183,Yes
229,Joshua,Dunlap,+916214877118,10951,No
230,Elijah,Pratt,+913766545425,16410,Yes
231,Orson,Fitzpatrick,+914062211513,21248,Yes
232,Charles,Mcbride,+913231441587,17913,No
233,Gregory,May,+915334107788,17928,Yes
234,Kay,Wyatt,+913961286860,25666,Yes
235,Charde,Munoz,+919197596373,24867,Yes
236,Noble,Kerr,+915212834877,16539,Yes
237,Lisandra,Ortiz,+914388346242,20273,No
238,Phyllis,Holland,+918673572938,16952,Yes
239,Helen,Simon,+917615110925,22570,No
240,Jeremy,Higgins,+914708148649,26883,No
241,Rae,Stein,+917442524018,20217,No
242,Virginia,Santiago,+915325247288,17245,No
243,Rama,Lowe,+917536766107,19091,No
244,Rajah,Parker,+911380578224,15863,Yes
245,Jordan,Sargent,+918611850341,15538,No
246,Charissa,Haney,+917222151876,14267,No
247,Macon,Hughes,+914669862162,29254,No
248,Howard,Fuller,+911365562236,24686,Yes
249,Drake,Melendez,+915435023487,26590,Yes
250,Shafira,Silva,+915112027482,17127,No
251,Leonard,Hansen,+912783271970,16399,Yes
252,Asher,Tillman,+911177272612,21371,No
253,Quinlan,Salazar,+913693263212,21025,No
254,Baker,Mathis,+919941580224,20999,Yes
255,Rigel,Collins,+912890217438,14856,Yes
256,Rosalyn,Cole,+918635526867,15966,No
257,Hyatt,Merritt,+915399518385,14953,No
258,Benjamin,Short,+911768064423,22942,No
259,Bradley,Brewer,+911475764852,25227,No
260,Hasad,Clayton,+910247198356,17343,No
261,India,Green,+910523318338,26014,Yes
262,Ayanna,Middleton,+917526167502,23825,Yes
263,Blossom,Holden,+914897480293,20293,No
264,Helen,Brown,+915531144223,13786,No
265,Jescie,Gallegos,+910760749314,22334,Yes
266,Carly,Keith,+913772622444,17733,No
267,Clark,Warner,+915311705447,21181,No
268,Inga,Sharpe,+914843631158,28644,Yes
269,Maxine,Craft,+916436046212,21035,No
270,Lynn,Woodward,+918717842771,19052,Yes
271,Ethan,Myers,+917615910462,17700,No
272,Barbara,Mills,+919744778397,21962,No
273,Victor,Neal,+913540964151,25462,No
274,Adele,Burton,+919444774512,21345,Yes
275,Aaron,Harris,+914571447555,15546,Yes
276,Lyle,Morgan,+911476674094,13345,No
277,Edward,Lee,+918107656476,22250,Yes
278,Mark,Montoya,+914398188462,18092,No
279,Orlando,Winters,+914647635572,19423,No
280,Miranda,Andrews,+918646060453,21257,Yes
281,Cara,Knight,+917475764281,19392,Yes
282,Hashim,Evans,+910796843674,15791,No
283,Jael,Martinez,+919774122874,22537,No
284,David,Tyson,+912422467691,15513,Yes
285,Adrienne,Trujillo,+914817756335,17977,No
286,Miranda,Irwin,+916566573281,21522,Yes
287,Dennis,Park,+912888376633,28399,No
288,Amal,Sutton,+916231756632,20516,Yes
289,Mohammad,Mayo,+917386416529,18412,No
290,Cullen,Lott,+916173963575,17502,No
291,Davis,Vasquez,+918138430961,15027,Yes
292,Fleur,Becker,+914719844233,19511,No
293,Upton,Mcfarland,+911253873724,21145,Yes
294,Erica,Harrington,+911146114286,19862,Yes
295,Caldwell,Logan,+915861443531,20621,Yes
296,Kieran,Underwood,+917878264005,21239,Yes
297,Olga,Baxter,+913416876610,23088,Yes
298,Caesar,Alford,+913935583831,20584,No
299,Jorden,Sawyer,+914456564785,21953,No
300,Zelenia,Deleon,+916852012651,16486,Yes
301,Noah,Ball,+911163886731,28463,No
302,Lewis,Burnett,+913271887632,18953,Yes
303,Clayton,Spears,+916749328828,18811,No
304,Moana,Castillo,+912880599512,29347,No
305,Byron,Dodson,+912442815436,18845,No
306,Denise,Farmer,+916221226068,18211,Yes
307,Ryan,Carr,+915223862695,22470,No
308,Baker,Mcintosh,+914941196727,24571,No
309,Maggie,Bennett,+915387137222,19781,No
310,Stewart,Hansen,+910765974646,15468,Yes
311,Jordan,Clay,+918625085337,20844,Yes
312,Jennifer,Rodriguez,+914524726524,14009,Yes
313,Katell,Armstrong,+912922291916,14530,Yes
314,Noelani,Barnes,+915433632639,23138,No
315,Teegan,Castaneda,+910680757453,17270,Yes
316,Kermit,Ray,+917924139317,15136,No
317,Cherokee,Combs,+916731564352,17899,Yes
318,Alexander,Garrett,+911067617173,20397,Yes
319,Axel,Guzman,+917034773836,20510,Yes
320,Noah,Rollins,+919810317987,21416,Yes
321,Althea,Long,+913332072364,23091,Yes
322,Simon,Merrill,+917755884956,18692,No
323,Tanek,Johnson,+915632032185,21657,Yes
324,Grace,Barry,+916073964220,20769,Yes
325,Zane,Bates,+913915138130,14340,Yes
326,Shoshana,Castillo,+918570378088,24627,No
327,Flavia,Alford,+915617064074,19893,Yes
328,Kelly,Massey,+913858458158,20141,Yes
329,Nadine,Franklin,+915088722918,18363,No
330,Kyla,Baldwin,+918724137983,20712,Yes
331,Mannix,Noble,+916653649342,21830,No
332,Neil,Ruiz,+910126323111,22279,No
333,Sharon,Sanford,+917000486041,18194,No
334,Frances,Moran,+919822206623,19429,No
335,Madaline,Bryan,+912743193667,18510,No
336,Harlan,Arnold,+912595895273,20000,Yes
337,Renee,Valentine,+912546832955,18161,Yes
338,Tucker,Aguirre,+911918452869,17986,No
339,Quinn,Ortiz,+917367562259,20652,No
340,TaShya,Lucas,+917977696624,20323,No
341,Elliott,Frank,+914061424637,24469,No
342,Rosalyn,Knapp,+910708435612,16616,Yes
343,Ella,Huffman,+916055680613,21121,No
344,Gregory,Stevens,+917628258088,20176,No
345,Leah,Briggs,+911409056185,14731,No
346,Keaton,Merritt,+917837145655,19255,Yes
347,Isadora,Whitfield,+912744086185,21660,Yes
348,Sybill,Cain,+914502029777,19488,Yes
349,Emmanuel,Welch,+913260613112,20275,Yes
350,Allen,Salazar,+916811044753,17417,Yes
351,Dacey,Brennan,+914041426284,11920,Yes
352,Althea,Blackwell,+911845553135,18105,Yes
353,Sebastian,Brock,+919776181711,24152,No
354,Shaeleigh,Kline,+914648756565,22814,Yes
355,Castor,Ramsey,+913141545513,21524,Yes
356,Davis,Smith,+913731533207,22042,Yes
357,Orli,Flowers,+910763487487,16756,Yes
358,Hiram,Zamora,+916688885462,12742,No
359,Jerry,Calhoun,+915294232111,19000,Yes
360,Fay,Morales,+913874428308,22395,Yes
361,Henry,Rutledge,+910208204363,19584,No
362,Elvis,Hardin,+918857958054,19718,Yes
363,Dylan,Adkins,+916237271603,19391,No
364,Chava,Ballard,+919343078328,19254,Yes
365,Rosalyn,Ayers,+915183878585,21194,Yes
366,Sade,Tyler,+918185785221,18556,No
367,Bell,Brennan,+914716894777,22505,No
368,Ila,Brown,+917267346867,15873,Yes
369,Merritt,Sutton,+918749972789,19128,No
370,Galena,Mcgowan,+913878266753,23823,No
371,Caesar,Middleton,+918578341588,16728,Yes
372,Drew,Pollard,+916531141266,20743,Yes
373,Hashim,Young,+914128389941,18270,Yes
374,Jeanette,Pitts,+912715949832,18122,No
375,Daria,Knowles,+910121797315,20825,Yes
376,Odessa,Mercado,+918267754524,17018,Yes
377,Tatyana,Brennan,+917194734486,18823,Yes
378,Hashim,Clemons,+912102572851,15399,Yes
379,Ciara,Riley,+918235452192,19745,No
380,Brenden,Chapman,+917244727611,25572,Yes
381,Lucas,Beck,+913264196146,21972,Yes
382,Zeph,Mcconnell,+916117018424,14477,No
383,Dora,Solis,+912138761688,12631,Yes
384,Jermaine,Sheppard,+915269333802,20025,Yes
385,Kibo,Stevens,+914494307847,16548,Yes
386,Aurora,Skinner,+915885777781,16194,Yes
387,Lenore,Harris,+917625341941,23901,Yes
388,Clark,Shepherd,+910489563711,15368,Yes
389,Oliver,Myers,+912187444534,26322,No
390,Boris,Bauer,+915087937025,21876,Yes
391,Nolan,Vargas,+916609017279,24948,No
392,Judah,Mcclure,+917862432241,19520,Yes
393,Portia,Bartlett,+918794937153,31070,Yes
394,Clio,Burton,+912520743418,18941,No
395,Bo,Carrillo,+912331667747,21441,Yes
396,Alana,Landry,+911249775102,19311,Yes
397,Micah,Joseph,+910230051227,13427,Yes
398,Hillary,Erickson,+913398074700,18401,Yes
399,Urielle,Caldwell,+916436562290,17503,Yes
400,Leo,Alvarez,+910025113438,14554,Yes
401,Wayne,Roman,+916547768713,15692,No
402,Demetrius,Norton,+913826690195,19261,No
403,Lamar,Macias,+919303652418,22354,Yes
404,Geraldine,Larson,+914128845424,20390,No
405,Russell,Leach,+914057800927,9642,No
406,Kirsten,Joyner,+910243917522,12955,Yes
407,Charde,Heath,+915291517244,19404,No
408,Maia,Mercer,+915611854641,20910,No
409,Chancellor,Higgins,+914411841412,12833,Yes
410,Vincent,Mcneil,+918317575729,30023,No
411,Oscar,Mooney,+917586666678,22629,Yes
412,Summer,Fulton,+910111645865,19461,No
413,Eliana,Prince,+916585044445,18156,No
414,Leandra,Snyder,+918571774648,23049,Yes
415,Rosalyn,Dudley,+918586156404,21223,Yes
416,Grady,Bruce,+914917745167,20238,Yes
417,Wing,Brennan,+919534854861,15904,No
418,Price,Lowery,+913858748987,14799,No
419,Wylie,White,+913560495788,15282,No
420,Harriet,Oliver,+914117978272,27377,No
421,Althea,Horne,+917927235376,23526,Yes
422,Eagan,Smith,+918687885246,21570,No
423,Brock,Horn,+911625473365,20371,Yes
424,Travis,Parsons,+911826137883,14350,Yes
425,Jael,Valentine,+910334232845,16778,No
426,Karyn,Spence,+912727847686,13934,Yes
427,Kaye,Harvey,+914308746520,21557,No
428,Malachi,Shepard,+915419285533,17096,No
429,Tamara,Mcbride,+916520917763,18824,No
430,Leroy,Trujillo,+915613538548,22292,No
431,Daniel,Holt,+915570787584,20851,Yes
432,Keegan,Valencia,+914603066620,25462,Yes
433,Keane,Cross,+910232248145,19129,Yes
434,Rose,Williamson,+914021798685,20034,No
435,Maya,Poole,+918323270675,20654,No
436,Cameron,Warren,+915828417683,24456,Yes
437,Bree,Boyle,+912836619085,19039,Yes
438,Kareem,Patel,+919221618356,30988,No
439,Shannon,Mcneil,+915585581147,16262,Yes
440,Wilma,Wells,+914451510407,21910,No
441,Charissa,Jefferson,+918509314631,21818,Yes
442,Rebekah,Berry,+917302139385,20507,No
443,Yoshi,Hurst,+917746765176,25206,No
444,Phelan,Schwartz,+914015531758,19424,Yes
445,Kadeem,Hooper,+910848463370,13898,No
446,Angelica,Glass,+919360888178,18357,No
447,Brittany,Hawkins,+913726664224,21940,No
448,Megan,Cox,+915703169972,22750,Yes
449,Yvonne,Roberson,+918934487235,21513,Yes
450,Ian,Baird,+919856356871,18596,No
451,Gregory,Pruitt,+918955245616,18000,Yes
452,Amery,Clayton,+911947349781,21224,Yes
453,Dorothy,Donovan,+917513407466,17670,Yes
454,Amena,Christian,+915403949778,14448,No
455,Salvador,Hayes,+913680627164,19646,No
456,Ocean,Moon,+913532586022,23460,Yes
457,Drake,Webb,+913468253595,14336,No
458,Wynter,Odom,+918354626151,25893,No
459,Nicole,Hendricks,+919304538529,23293,Yes
460,Nathaniel,Swanson,+916595174954,16653,No
461,Jenette,Emerson,+911620180642,21958,Yes
462,Rogan,Boone,+917623726185,18811,No
463,Samantha,Jackson,+911644725831,22532,No
464,Cain,Alvarez,+914388325028,19649,No
465,Igor,Mcleod,+919345776735,21885,No
466,Addison,Murray,+911584445356,25976,Yes
467,Denise,Edwards,+912566641813,18283,Yes
468,Cameran,Hopper,+914922518472,16768,Yes
469,Montana,Wiley,+913463733169,24304,No
470,Xander,Greene,+913146478781,18124,Yes
471,Derek,Dudley,+916563768126,20744,No
472,Dale,Middleton,+912347008653,20369,No
473,Aurelia,Carlson,+916551318718,22114,No
474,Raja,Lloyd,+917353155474,11698,Yes
475,Richard,Adams,+914128556663,19729,No
476,Britanney,Dalton,+912845121450,23002,No
477,Illana,Haney,+915490427781,19017,No
478,Edward,Landry,+918574804751,24152,Yes
479,Hilda,Benson,+916742566351,20702,Yes
480,Montana,Wooten,+912617215911,23438,No
481,Shelby,Kramer,+914721689253,23821,No
482,Harlan,Clay,+916118159899,8430,Yes
483,Beatrice,Wooten,+910725788820,25421,No
484,Matthew,Price,+917543610568,15179,Yes
485,Yuli,Fuentes,+914575821788,17377,No
486,Mary,Nichols,+914238385841,25856,Yes
487,Carla,Hutchinson,+918620145868,25355,Yes
488,Kuame,Farmer,+913263161544,28536,Yes
489,Yen,Gross,+912595147511,14070,No
490,Solomon,Hebert,+914988314793,28687,No
491,Shay,Wright,+910710226574,16042,No
492,Isabella,Rasmussen,+912177168337,19755,No
493,Isaiah,Paul,+917732252164,29549,No
494,Tatiana,Jordan,+919364222162,19558,No
495,Rose,Hill,+911337543308,22015,Yes
496,Lynn,Barrett,+919372682141,18720,Yes
497,Rogan,Rodriguez,+917127275647,20222,No
498,Ariana,Barron,+916265629354,19460,Yes
499,Petra,Norman,+916711818763,18774,Yes
500,Mufutau,Bonner,+917302748803,26908,No
